For:  TMB: Automatic Differentiation and Laplace Approximation ||||||||||||||||||||||||||||||||||||||||||||||||||||||||||||
Timespan=All years. Indexes=SCI-EXPANDED, ESCI, A&HCI, SSCI.||||||||||||||||||||||||||||||||||||||||||||||||||||||||||||
||||||||||||||||||||||||||||||||||||||||||||||||||||||||||||
Title|Authors|Corporate Authors|Editors|Book Editors|Source Title|Publication Date|Publication Year|Volume|Issue|Part Number|Supplement|Special Issue|Beginning Page|Ending Page|Article Number|DOI|Conference Title|Conference Date|Total Citations|Average per Year|1980|1981|1982|1983|1984|1985|1986|1987|1988|1989|1990|1991|1992|1993|1994|1995|1996|1997|1998|1999|2000|2001|2002|2003|2004|2005|2006|2007|2008|2009|2010|2011|2012|2013|2014|2015|2016|2017|2018|2019
Trends and Patterns of Disparities in Cancer Mortality Among US Counties, 1980-2014|Mokdad, Ali H.; Dwyer-Lindgren, Laura; Fitzmaurice, Christina; Stubbs, Rebecca W.; Bertozzi-Villa, Amelia; Morozoff, Chloe; Charara, Raghid; Allen, Christine; Naghavi, Mohsen; Murray, Christopher J. L.||||JAMA-JOURNAL OF THE AMERICAN MEDICAL ASSOCIATION|JAN 24 2017|2017|317|4||||388|406||10.1001/jama.2016.20324|||71|23.67|0|0|0|0|0|0|0|0|0|0|0|0|0|0|0|0|0|0|0|0|0|0|0|0|0|0|0|0|0|0|0|0|0|0|0|0|1|21|40|9
US County-Level Trends in Mortality Rates for Major Causes of Death, 1980-2014|Dwyer-Lindgren, Laura; Bertozzi-Villa, Amelia; Stubbs, Rebecca W.; Morozoff, Chloe; Kutz, Michael J.; Huynh, Chantal; Barber, Ryan M.; Shackelford, Katya A.; Mackenbach, Johan P.; van Lenthe, Frank J.; Flaxman, Abraham D.; Naghavi, Mohsen; Mokdad, Ali H.; Murray, Christopher J. L.||||JAMA-JOURNAL OF THE AMERICAN MEDICAL ASSOCIATION|DEC 13 2016|2016|316|22||||2385|2401||10.1001/jama.2016.13645|||49|12.25|0|0|0|0|0|0|0|0|0|0|0|0|0|0|0|0|0|0|0|0|0|0|0|0|0|0|0|0|0|0|0|0|0|0|0|0|1|12|33|3
Inequalities in Life Expectancy Among US Counties, 1980 to 2014 Temporal Trends and Key Drivers|Dwyer-Lindgren, Laura; Bertozzi-Villa, Amelia; Stubbs, RebeccaW.; Morozoff, Chloe; Mackenbach, Johan P.; van Lenthe, Frank J.; Mokdad, Ali H.; Murray, Christopher J. L.||||JAMA INTERNAL MEDICINE|JUL 2017|2017|177|7||||1003|1011||10.1001/jamainternmed.2017.0918|||46|15.33|0|0|0|0|0|0|0|0|0|0|0|0|0|0|0|0|0|0|0|0|0|0|0|0|0|0|0|0|0|0|0|0|0|0|0|0|0|7|35|4
Trends and Patterns of Geographic Variation in Cardiovascular Mortality Among US Counties, 1980-2014|Roth, Gregory A.; Dwyer-Lindgren, Laura; Bertozzi-Villa, Amelia; Stubbs, Rebecca W.; Morozoff, Chloe; Naghavi, Mohsen; Mokdad, Ali H.; Murray, Christopher J. L.||||JAMA-JOURNAL OF THE AMERICAN MEDICAL ASSOCIATION|MAY 16 2017|2017|317|19||||1976|1992||10.1001/jama.2017.4150|||32|10.67|0|0|0|0|0|0|0|0|0|0|0|0|0|0|0|0|0|0|0|0|0|0|0|0|0|0|0|0|0|0|0|0|0|0|0|0|0|7|21|4
Joint dynamic species distribution models: a tool for community ordination and spatio-temporal monitoring|Thorson, James T.; Ianelli, James N.; Larsen, Elise A.; Ries, Leslie; Scheuerell, Mark D.; Szuwalski, Cody; Zipkin, Elise F.||||GLOBAL ECOLOGY AND BIOGEOGRAPHY|SEP 2016|2016|25|9||||1144|1158||10.1111/geb.12464|||26|6.5|0|0|0|0|0|0|0|0|0|0|0|0|0|0|0|0|0|0|0|0|0|0|0|0|0|0|0|0|0|0|0|0|0|0|0|0|0|12|9|5
glmmTMB Balances Speed and Flexibility Among Packages for Zero-inflated Generalized Linear Mixed Modeling|Brooks, Mollie E.; Kristensen, Kasper; van Benthem, Koen J.; Magnusson, Arni; Berg, Casper W.; Nielsen, Anders; Skaug, Hans J.; Machler, Martin; Bolker, Benjamin M.||||R JOURNAL|DEC 2017|2017|9|2||||378|400|||||23|7.67|0|0|0|0|0|0|0|0|0|0|0|0|0|0|0|0|0|0|0|0|0|0|0|0|0|0|0|0|0|0|0|0|0|0|0|0|0|0|11|12
Diagnosed and Undiagnosed Diabetes Prevalence by County in the US, 1999-2012|Dwyer-Lindgren, Laura; Mackenbach, Johan P.; van Lenthe, Frank J.; Flaxman, Abraham D.; Mokdad, Ali H.||||DIABETES CARE|SEP 2016|2016|39|9||||1556|1562||10.2337/dc16-0678|||23|5.75|0|0|0|0|0|0|0|0|0|0|0|0|0|0|0|0|0|0|0|0|0|0|0|0|0|0|0|0|0|0|0|0|0|0|0|0|0|6|16|1
Gene flow from domesticated escapes alters the life history of wild Atlantic salmon|Bolstad, Geir H.; Hindar, Kjetil; Robertsen, Grethe; Jonsson, Bror; Saegrov, Harald; Diserud, Ola H.; Fiske, Peder; Jensen, Arne J.; Urdal, Kurt; Naesje, Tor F.; Barlaup, Bjorn T.; Floro-Larsen, Bjorn; Lo, Havard; Niemela, Eero; Karlsson, Sten||||NATURE ECOLOGY & EVOLUTION|MAY 2017|2017|1|5||||||UNSP 0124|10.1038/s41559-017-0124|||18|6|0|0|0|0|0|0|0|0|0|0|0|0|0|0|0|0|0|0|0|0|0|0|0|0|0|0|0|0|0|0|0|0|0|0|0|0|0|3|11|4
State-space models' dirty little secrets: even simple linear Gaussian models can have estimation problems|Auger-Methe, Marie; Field, Chris; Albertsen, Christoffer M.; Derocher, Andrew E.; Lewis, Mark A.; Jonsen, Ian D.; Flemming, Joanna Mills||||SCIENTIFIC REPORTS|MAY 25 2016|2016|6|||||||26677|10.1038/srep26677|||17|4.25|0|0|0|0|0|0|0|0|0|0|0|0|0|0|0|0|0|0|0|0|0|0|0|0|0|0|0|0|0|0|0|0|0|0|0|0|1|4|8|4
Comparing estimates of abundance trends and distribution shifts using single- and multispecies models of fishes and biogenic habitat|Thorson, James T.; Barnett, Lewis A. K.||||ICES JOURNAL OF MARINE SCIENCE|MAY-JUN 2017|2017|74|5||||1311|1321||10.1093/icesjms/fsw193|||16|5.33|0|0|0|0|0|0|0|0|0|0|0|0|0|0|0|0|0|0|0|0|0|0|0|0|0|0|0|0|0|0|0|0|0|0|0|0|0|3|9|4
Mutation predicts 40 million years of fly wing evolution|Houle, David; Bolstad, Geir H.; van der Linde, Kim; Hansen, Thomas F.||||NATURE|AUG 24 2017|2017|548|7668||||447|+||10.1038/nature23473|||15|5|0|0|0|0|0|0|0|0|0|0|0|0|0|0|0|0|0|0|0|0|0|0|0|0|0|0|0|0|0|0|0|0|0|0|0|0|0|2|10|3
Programming With Models: Writing Statistical Algorithms for General Model Structures With NIMBLE|de Valpine, Perry; Turek, Daniel; Paciorek, Christopher J.; Anderson-Bergman, Clifford; Lang, Duncan Temple; Bodik, Rastislav||||JOURNAL OF COMPUTATIONAL AND GRAPHICAL STATISTICS|2017|2017|26|2||||403|413||10.1080/10618600.2016.1172487|||14|4.67|0|0|0|0|0|0|0|0|0|0|0|0|0|0|0|0|0|0|0|0|0|0|0|0|0|0|0|0|0|0|0|0|0|0|0|0|0|3|11|0
Predicting life history parameters for all fishes worldwide|Thorson, James T.; Munch, Stephan B.; Cope, Jason M.; Gao, Jin||||ECOLOGICAL APPLICATIONS|DEC 2017|2017|27|8||||2262|2276||10.1002/eap.1606|||9|3|0|0|0|0|0|0|0|0|0|0|0|0|0|0|0|0|0|0|0|0|0|0|0|0|0|0|0|0|0|0|0|0|0|0|0|0|0|0|9|0
Confronting preferential sampling when analysing population distributions: diagnosis and model-based triage|Conn, Paul B.; Thorson, James T.; Johnson, Devin S.||||METHODS IN ECOLOGY AND EVOLUTION|NOV 2017|2017|8|11||||1535|1546||10.1111/2041-210X.12803|||9|3|0|0|0|0|0|0|0|0|0|0|0|0|0|0|0|0|0|0|0|0|0|0|0|0|0|0|0|0|0|0|0|0|0|0|0|0|0|0|5|4
Trends and Patterns of Differences in Chronic Respiratory Disease Mortality Among US Counties, 1980-2014|Dwyer-Lindgren, Laura; Bertozzi-Villa, Amelia; Stubbs, Rebecca W.; Morozoff, Chloe; Shirude, Shreya; Naghavi, Mohsen; Mokdad, Ali H.; Murray, Christopher J. L.||||JAMA-JOURNAL OF THE AMERICAN MEDICAL ASSOCIATION|SEP 26 2017|2017|318|12||||1136|1149||10.1001/jama.2017.11747|||9|3|0|0|0|0|0|0|0|0|0|0|0|0|0|0|0|0|0|0|0|0|0|0|0|0|0|0|0|0|0|0|0|0|0|0|0|0|0|1|5|3
Estimation and simulation of foraging trips in land-based marine predators|Michelot, Theo; Langrock, Roland; Bestley, Sophie; Jonsen, Ian D.; Photopoulou, Theoni; Patterson, Toby A.||||ECOLOGY|JUL 2017|2017|98|7||||1932|1944||10.1002/ecy.1880|||9|3|0|0|0|0|0|0|0|0|0|0|0|0|0|0|0|0|0|0|0|0|0|0|0|0|0|0|0|0|0|0|0|0|0|0|0|0|0|0|8|1
Revisiting data weighting in fisheries stock assessment models|Francis, R. I. C. Chris||||FISHERIES RESEARCH|AUG 2017|2017|192|||||5|15||10.1016/j.fishres.2016.06.006|||8|2.67|0|0|0|0|0|0|0|0|0|0|0|0|0|0|0|0|0|0|0|0|0|0|0|0|0|0|0|0|0|0|0|0|0|0|0|0|0|4|3|1
Density-dependent changes in effective area occupied for sea-bottom-associated marine fishes|Thorson, James T.; Rindorf, Anna; Gao, Jin; Hanselman, Dana H.; Winker, Henning||||PROCEEDINGS OF THE ROYAL SOCIETY B-BIOLOGICAL SCIENCES|OCT 12 2016|2016|283|1840||||||20161853|10.1098/rspb.2016.1853|||8|2|0|0|0|0|0|0|0|0|0|0|0|0|0|0|0|0|0|0|0|0|0|0|0|0|0|0|0|0|0|0|0|0|0|0|0|0|0|3|3|2
Trends and Patterns of Differences in Infectious Disease Mortality Among US Counties, 1980-2014|El Bcheraoui, Charbel; Mokdad, Ali H.; Dwyer-Lindgren, Laura; Bertozzi-Villa, Amelia; Stubbs, Rebecca W.; Morozoff, Chloe; Shirude, Shreya; Naghavi, Mohsen; Murray, Christopher J. L.||||JAMA-JOURNAL OF THE AMERICAN MEDICAL ASSOCIATION|MAR 27 2018|2018|319|12||||1248|1260||10.1001/jama.2018.2089|||7|3.5|0|0|0|0|0|0|0|0|0|0|0|0|0|0|0|0|0|0|0|0|0|0|0|0|0|0|0|0|0|0|0|0|0|0|0|0|0|0|6|1
Trends and Patterns of Geographic Variation in Mortality From Substance Use Disorders and Intentional Injuries Among US Counties, 1980-2014|Dwyer-Lindgren, Laura; Bertozzi-Villa, Amelia; Stubbs, Rebecca W.; Morozoff, Chloe; Shirude, Shreya; Unutzer, Jurgen; Naghavi, Mohsen; Mokdad, Ali H.; Murray, Christopher J. L.||||JAMA-JOURNAL OF THE AMERICAN MEDICAL ASSOCIATION|MAR 13 2018|2018|319|10||||1013|1023||10.1001/jama.2018.0900|||7|3.5|0|0|0|0|0|0|0|0|0|0|0|0|0|0|0|0|0|0|0|0|0|0|0|0|0|0|0|0|0|0|0|0|0|0|0|0|0|0|3|4
Producing distribution maps for informing ecosystem-based fisheries management using a comprehensive survey database and spatio-temporal models|Gruss, Arnaud; Thorson, James T.; Babcock, Elizabeth A.; Tarnecki, Joseph H.||||ICES JOURNAL OF MARINE SCIENCE|JAN-FEB 2018|2018|75|1||||158|177||10.1093/icesjms/fsx120|||7|3.5|0|0|0|0|0|0|0|0|0|0|0|0|0|0|0|0|0|0|0|0|0|0|0|0|0|0|0|0|0|0|0|0|0|0|0|0|0|0|5|2
The relative influence of temperature and size-structure on fish distribution shifts: A case-study on Walleye pollock in the Bering Sea|Thorson, James T.; Ianelli, James N.; Kotwicki, Stan||||FISH AND FISHERIES|NOV 2017|2017|18|6||||1073|1084||10.1111/faf.12225|||7|2.33|0|0|0|0|0|0|0|0|0|0|0|0|0|0|0|0|0|0|0|0|0|0|0|0|0|0|0|0|0|0|0|0|0|0|0|0|0|0|4|3
Variation in life expectancy and mortality by cause among neighbourhoods in King County, WA, USA, 1990-2014: a census tract-level analysis for the Global Burden of Disease Study 2015|Dwyer-Lindgren, Laura; Stubbs, Rebecca W.; Bertozzi-Villa, Amelia; Morozoff, Chloe; Callender, Charlton; Finegold, Samuel B.; Shirude, Shreya; Flaxman, Abraham D.; Laurent, Amy; Kern, Eli; Duchin, Jeffrey S.; Fleming, David; Mokdad, Ali H.; Murray, Christopher J. L.||||LANCET PUBLIC HEALTH|SEP 2017|2017|2|9||||E400|E410|||||7|2.33|0|0|0|0|0|0|0|0|0|0|0|0|0|0|0|0|0|0|0|0|0|0|0|0|0|0|0|0|0|0|0|0|0|0|0|0|0|1|6|0
Estimating partial regulation in spatiotemporal models of community dynamics|Thorson, James T.; Munch, Stephan B.; Swain, Douglas P.||||ECOLOGY|MAY 2017|2017|98|5||||1277|1289||10.1002/ecy.1760/suppinfo|||7|2.33|0|0|0|0|0|0|0|0|0|0|0|0|0|0|0|0|0|0|0|0|0|0|0|0|0|0|0|0|0|0|0|0|0|0|0|0|0|3|2|2
Accounting for correlated observations in an age-based state-space stock assessment model|Berg, Casper W.; Nielsen, Anders||||ICES JOURNAL OF MARINE SCIENCE|JUL 2016|2016|73|7||||1788|1797||10.1093/icesjms/fsw046|||7|1.75|0|0|0|0|0|0|0|0|0|0|0|0|0|0|0|0|0|0|0|0|0|0|0|0|0|0|0|0|0|0|0|0|0|0|0|0|0|4|1|2
Producing Distribution Maps for a Spatially-Explicit Ecosystem Mode Using Large Monitoring and Environmental Databases and a Combination of Interpolation and Extrapolation|Gruss, Arnaud; Drexler, Michael D.; Ainsworth, Cameron H.; Babcock, Elizabeth A.; Tarnecki, Joseph H.; Love, Matthew S.||||FRONTIERS IN MARINE SCIENCE|JAN 31 2018|2018|5|||||||UNSP 16|10.3389/fmars.2018.00016|||6|3|0|0|0|0|0|0|0|0|0|0|0|0|0|0|0|0|0|0|0|0|0|0|0|0|0|0|0|0|0|0|0|0|0|0|0|0|0|0|4|2
The Performance and Potentials of the CryoSat-2 SAR and SARIn Modes for Lake Level Estimation|Nielsen, Karina; Stenseng, Lars; Andersen, Ole Baltazar; Knudsen, Per||||WATER|JUN 2017|2017|9|6||||||374|10.3390/w9060374|||6|2|0|0|0|0|0|0|0|0|0|0|0|0|0|0|0|0|0|0|0|0|0|0|0|0|0|0|0|0|0|0|0|0|0|0|0|0|0|1|4|1
Spatiotemporal variation in size-structured populations using fishery data: an application to shortfin mako (Isurus oxyrinchus) in the Pacific Ocean|Kai, Mikihiko; Thorson, James T.; Piner, Kevin R.; Maunder, Mark N.||||CANADIAN JOURNAL OF FISHERIES AND AQUATIC SCIENCES|NOV 2017|2017|74|11|||SI|1765|1780||10.1139/cjfas-2016-0327|Conference on Gutshop - New Perspectives on the Feeding Ecology and Trophic Dynamics of Freshwater and Marine Fishes held at the 145th Annual Meeting of the American-Fisheries-Society|AUG, 2015|5|1.67|0|0|0|0|0|0|0|0|0|0|0|0|0|0|0|0|0|0|0|0|0|0|0|0|0|0|0|0|0|0|0|0|0|0|0|0|0|1|1|3
Quantifying the contribution of Plasmodium falciparum malaria to febrile illness amongst African children|Dalrymple, Ursula; Cameron, Ewan; Bhatt, Samir; Weiss, Daniel J.; Gupta, Sunetra; Gething, Peter W.||||ELIFE|OCT 16 2017|2017|6|||||||e29198|10.7554/eLife.29198|||5|1.67|0|0|0|0|0|0|0|0|0|0|0|0|0|0|0|0|0|0|0|0|0|0|0|0|0|0|0|0|0|0|0|0|0|0|0|0|0|0|5|0
Validation of ecological state space models using the Laplace approximation|Thygesen, Uffe Hogsbro; Albertsen, Christoffer Moesgaard; Berg, Casper Willestofte; Kristensen, Kasper; Nielsen, Anders||||ENVIRONMENTAL AND ECOLOGICAL STATISTICS|JUN 2017|2017|24|2||||317|339||10.1007/s10651-017-0372-4|||5|1.67|0|0|0|0|0|0|0|0|0|0|0|0|0|0|0|0|0|0|0|0|0|0|0|0|0|0|0|0|0|0|0|0|0|0|0|0|0|1|2|2
A stochastic surplus production model in continuous time|Pedersen, Martin W.; Berg, Casper W.||||FISH AND FISHERIES|MAR 2017|2017|18|2||||226|243||10.1111/faf.12174|||5|1.67|0|0|0|0|0|0|0|0|0|0|0|0|0|0|0|0|0|0|0|0|0|0|0|0|0|0|0|0|0|0|0|0|0|0|0|0|0|1|4|0
Spatiotemporal modelling of marine movement data using Template Model Builder (TMB)|Auger-Methe, Marie; Albertsen, Christoffer M.; Jonsen, Ian D.; Derocher, Andrew E.; Lidgard, Damian C.; Studholme, Katharine R.; Bowen, W. Don; Crossin, Glenn T.; Flemming, Joanna Mills||||MARINE ECOLOGY PROGRESS SERIES|FEB 17 2017|2017|565|||||237|249||10.3354/meps12019|||5|1.67|0|0|0|0|0|0|0|0|0|0|0|0|0|0|0|0|0|0|0|0|0|0|0|0|0|0|0|0|0|0|0|0|0|0|0|0|0|1|0|4
Can autocorrelated recruitment be estimated using integrated assessment models and how does it affect population forecasts?|Johnson, Kelli F.; Councill, Elizabeth; Thorson, James T.; Brooks, Elizabeth; Methot, Richard D.; Punt, Andre E.||||FISHERIES RESEARCH|NOV 2016|2016|183|||||222|232||10.1016/j.fishres.2016.06.004|||5|1.25|0|0|0|0|0|0|0|0|0|0|0|0|0|0|0|0|0|0|0|0|0|0|0|0|0|0|0|0|0|0|0|0|0|0|0|0|0|2|1|2
Three problems with the conventional delta-model for biomass sampling data, and a computationally efficient alternative|Thorson, James T.||||CANADIAN JOURNAL OF FISHERIES AND AQUATIC SCIENCES|SEP 2018|2018|75|9||||1369|1382||10.1139/cjfas-2017-0266|||4|2|0|0|0|0|0|0|0|0|0|0|0|0|0|0|0|0|0|0|0|0|0|0|0|0|0|0|0|0|0|0|0|0|0|0|0|0|0|0|2|2
Accounting for variable recruitment and fishing mortality in length-based stock assessments for data-limited fisheries|Rudd, Merrill B.; Thorson, James T.||||CANADIAN JOURNAL OF FISHERIES AND AQUATIC SCIENCES|JUL 2018|2018|75|7||||1019|1035||10.1139/cjfas-2017-0143|||4|2|0|0|0|0|0|0|0|0|0|0|0|0|0|0|0|0|0|0|0|0|0|0|0|0|0|0|0|0|0|0|0|0|0|0|0|0|0|0|3|1
How long do rapid diagnostic tests remain positive after anti-malarial treatment?|Dalrymple, Ursula; Arambepola, Rohan; Gething, Peter W.; Cameron, Ewan||||MALARIA JOURNAL|JUN 8 2018|2018|17|||||||228|10.1186/s12936-018-2371-9|||4|2|0|0|0|0|0|0|0|0|0|0|0|0|0|0|0|0|0|0|0|0|0|0|0|0|0|0|0|0|0|0|0|0|0|0|0|0|0|0|2|2
Spatiotemporal index standardization improves the stock assessment of northern shrimp in the Gulf of Maine|Cao, Jie; Thorson, James T.; Richards, R. Anne; Chen, Yong||||CANADIAN JOURNAL OF FISHERIES AND AQUATIC SCIENCES|NOV 2017|2017|74|11|||SI|1781|1793||10.1139/cjfas-2016-0137|Conference on Gutshop - New Perspectives on the Feeding Ecology and Trophic Dynamics of Freshwater and Marine Fishes held at the 145th Annual Meeting of the American-Fisheries-Society|AUG, 2015|4|1.33|0|0|0|0|0|0|0|0|0|0|0|0|0|0|0|0|0|0|0|0|0|0|0|0|0|0|0|0|0|0|0|0|0|0|0|0|0|1|2|1
Modeling bias and variation in the stochastic processes of small RNA sequencing|Argyropoulos, Christos; Etheridge, Alton; Sakhanenko, Nikita; Galas, David||||NUCLEIC ACIDS RESEARCH|JUN 20 2017|2017|45|11||||||e104|10.1093/nar/gkx199|||4|1.33|0|0|0|0|0|0|0|0|0|0|0|0|0|0|0|0|0|0|0|0|0|0|0|0|0|0|0|0|0|0|0|0|0|0|0|0|0|1|3|0
A hidden Markov movement model for rapidly identifying behavioral states from animal tracks|Whoriskey, Kim; Auger-Methe, Marie; Albertsen, Christoffer M.; Whoriskey, Frederick G.; Binder, Thomas R.; Krueger, Charles C.; Flemming, Joanna Mills||||ECOLOGY AND EVOLUTION|APR 2017|2017|7|7||||2112|2121||10.1002/ece3.2795|||4|1.33|0|0|0|0|0|0|0|0|0|0|0|0|0|0|0|0|0|0|0|0|0|0|0|0|0|0|0|0|0|0|0|0|0|0|0|0|0|0|2|2
A spatiotemporal model for snow crab (Chionoecetes opilio) stock size in the southern Gulf of St. Lawrence|Cadigan, Noel G.; Wade, Elmer; Nielsen, Anders||||CANADIAN JOURNAL OF FISHERIES AND AQUATIC SCIENCES|NOV 2017|2017|74|11|||SI|1808|1820||10.1139/cjfas-2016-0260|Conference on Gutshop - New Perspectives on the Feeding Ecology and Trophic Dynamics of Freshwater and Marine Fishes held at the 145th Annual Meeting of the American-Fisheries-Society|AUG, 2015|3|1|0|0|0|0|0|0|0|0|0|0|0|0|0|0|0|0|0|0|0|0|0|0|0|0|0|0|0|0|0|0|0|0|0|0|0|0|0|1|2|0
Estimation of Individual Growth Trajectories When Repeated Measures Are Missing|Brooks, Mollie E.; Clements, Christopher; Pemberton, Josephine; Ozgul, Arpat||||AMERICAN NATURALIST|SEP 2017|2017|190|3||||377|388||10.1086/692797|||3|1|0|0|0|0|0|0|0|0|0|0|0|0|0|0|0|0|0|0|0|0|0|0|0|0|0|0|0|0|0|0|0|0|0|0|0|0|0|0|3|0
Using high-resolution short-term location data to describe territoriality in Pacific martens|Moriarty, Katie M.; Linnell, Mark A.; Chasco, Brandon E.; Epps, Clinton W.; Zielinski, William J.||||JOURNAL OF MAMMALOGY|MAY 29 2017|2017|98|3||||679|689||10.1093/jmammal/gyx014|||3|1|0|0|0|0|0|0|0|0|0|0|0|0|0|0|0|0|0|0|0|0|0|0|0|0|0|0|0|0|0|0|0|0|0|0|0|0|0|0|2|1
Environmental drivers of varying selective optima in a small passerine: A multivariate, multiepisodic approach|Gamelon, Marlene; Tufto, Jarle; Nilsson, Anna L. K.; Jerstad, Kurt; Rostad, Ole W.; Stenseth, Nils C.; Saether, Bernt-Erik||||EVOLUTION|NOV 2018|2018|72|11||||2325|2342||10.1111/evo.13610|||2|1|0|0|0|0|0|0|0|0|0|0|0|0|0|0|0|0|0|0|0|0|0|0|0|0|0|0|0|0|0|0|0|0|0|0|0|0|0|0|0|2
Sulfoxaflor exposure reduces bumblebee reproductive success|Siviter, Harry; Brown, Mark J. F.; Leadbeater, Ellouise||||NATURE|SEP 6 2018|2018|561|7721||||109|+||10.1038/s41586-018-0430-6|||2|1|0|0|0|0|0|0|0|0|0|0|0|0|0|0|0|0|0|0|0|0|0|0|0|0|0|0|0|0|0|0|0|0|0|0|0|0|0|0|2|0
The effect of hook spacing on longline catch rates: Implications for catch rate standardization|Monnahan, Cole C.; Stewart, Ian J.||||FISHERIES RESEARCH|FEB 2018|2018|198|||||150|158||10.1016/j.fishres.2017.10.004|||2|1|0|0|0|0|0|0|0|0|0|0|0|0|0|0|0|0|0|0|0|0|0|0|0|0|0|0|0|0|0|0|0|0|0|0|0|0|0|0|1|1
Estimating the distribution and relative density of satellite-tagged loggerhead sea turtles using geostatistical mixed effects models|Winton, Megan V.; Fay, Gavin; Haas, Heather L.; Arendt, Michael; Barco, Susan; James, Michael C.; Sasso, Christopher; Smolowitz, Ronald||||MARINE ECOLOGY PROGRESS SERIES|JAN 11 2018|2018|586|||||217|232||10.3354/meps12396|||2|1|0|0|0|0|0|0|0|0|0|0|0|0|0|0|0|0|0|0|0|0|0|0|0|0|0|0|0|0|0|0|0|0|0|0|0|0|0|0|2|0
Generalized Linear Latent Variable Models for Multivariate Count and Biomass Data in Ecology|Niku, Jenni; Warton, David I.; Hui, Francis K. C.; Taskinen, Sara||||JOURNAL OF AGRICULTURAL BIOLOGICAL AND ENVIRONMENTAL STATISTICS|DEC 2017|2017|22|4||||498|522||10.1007/s13253-017-0304-7|||2|0.67|0|0|0|0|0|0|0|0|0|0|0|0|0|0|0|0|0|0|0|0|0|0|0|0|0|0|0|0|0|0|0|0|0|0|0|0|0|0|1|1
Positioning of aquatic animals based on time-of-arrival and random walk models using YAPS (Yet Another Positioning Solver)|Baktoft, Henrik; Gjelland, Karl Oystein; Okland, Finn; Thygesen, Uffe Hogsbro||||SCIENTIFIC REPORTS|OCT 30 2017|2017|7|||||||14294|10.1038/s41598-017-14278-z|||2|0.67|0|0|0|0|0|0|0|0|0|0|0|0|0|0|0|0|0|0|0|0|0|0|0|0|0|0|0|0|0|0|0|0|0|0|0|0|0|0|1|1
How catch underreporting can bias stock assessment of and advice for northwest Atlantic mackerel and a possible resolution using censored catch|Van Beveren, Elisabeth; Duplisea, Daniel; Castonguay, Martin; Doniol-Valcroze, Thomas; Plourde, Stephane; Cadigan, Noel||||FISHERIES RESEARCH|OCT 2017|2017|194|||||146|154||10.1016/j.fishres.2017.05.015|||2|0.67|0|0|0|0|0|0|0|0|0|0|0|0|0|0|0|0|0|0|0|0|0|0|0|0|0|0|0|0|0|0|0|0|0|0|0|0|0|0|2|0
Within-lake habitat heterogeneity mediates community response to warming trends|Hovel, Rachel A.; Thorson, James T.; Carter, Jackie L.; Quinn, Thomas P.||||ECOLOGY|SEP 2017|2017|98|9||||2333|2342||10.1002/ecy.1944|||2|0.67|0|0|0|0|0|0|0|0|0|0|0|0|0|0|0|0|0|0|0|0|0|0|0|0|0|0|0|0|0|0|0|0|0|0|0|0|0|0|1|1
Choosing the observational likelihood in state-space stock assessment models|Albertsen, Christoffer Moesgaard; Nielsen, Anders; Thygesen, Uffe Hogsbro||||CANADIAN JOURNAL OF FISHERIES AND AQUATIC SCIENCES|MAY 2017|2017|74|5||||779|789||10.1139/cjfas-2015-0532|||2|0.67|0|0|0|0|0|0|0|0|0|0|0|0|0|0|0|0|0|0|0|0|0|0|0|0|0|0|0|0|0|0|0|0|0|0|0|0|0|0|1|1
Self-reported general health, physical distress, mental distress, and activity limitation by US county, 1995-2012|Dwyer-Lindgren, Laura; Mackenbach, Johan P.; van Lenthe, Frank J.; Mokdad, Ali H.||||POPULATION HEALTH METRICS|APR 26 2017|2017|15|||||||16|10.1186/s12963-017-0133-5|||2|0.67|0|0|0|0|0|0|0|0|0|0|0|0|0|0|0|0|0|0|0|0|0|0|0|0|0|0|0|0|0|0|0|0|0|0|0|0|0|0|2|0
Geostatistical modelling of the spatial life history of post-larval deepwater hake Merluccius paradoxus in the Benguela Current Large Marine Ecosystem|Jansen, T.; Kristensen, K.; Fairweather, T. P.; Kainge, P.; Kathena, J. N.; Durholtz, M. D.; Beyer, J. E.; Thygesen, U. H.||||AFRICAN JOURNAL OF MARINE SCIENCE|2017|2017|39|3||||349|361||10.2989/1814232X.2017.1379437|||2|0.67|0|0|0|0|0|0|0|0|0|0|0|0|0|0|0|0|0|0|0|0|0|0|0|0|0|0|0|0|0|0|0|0|0|0|0|0|0|0|1|1
Guidance for decisions using the Vector Autoregressive Spatio-Temporal (VAST) package in stock, ecosystem, habitat and climate assessments|Thorson, James T.||||FISHERIES RESEARCH|FEB 2019|2019|210|||||143|161||10.1016/j.fishres.2018.10.013|||1|1|0|0|0|0|0|0|0|0|0|0|0|0|0|0|0|0|0|0|0|0|0|0|0|0|0|0|0|0|0|0|0|0|0|0|0|0|0|0|0|1
Spatial heterogeneity contributes more to portfolio effects than species variability in bottom-associated marine fishes|Thorson, James T.; Scheuerell, Mark D.; Olden, Julian D.; Schindler, Daniel E.||||PROCEEDINGS OF THE ROYAL SOCIETY B-BIOLOGICAL SCIENCES|OCT 10 2018|2018|285|1888||||||20180915|10.1098/rspb.2018.0915|||1|0.5|0|0|0|0|0|0|0|0|0|0|0|0|0|0|0|0|0|0|0|0|0|0|0|0|0|0|0|0|0|0|0|0|0|0|0|0|0|0|0|1
A geostatistical state-space model of animal densities for stream networks|Hocking, Daniel J.; Thorson, James T.; O'Neil, Kyle; Letcher, Benjamin H.||||ECOLOGICAL APPLICATIONS|OCT 2018|2018|28|7||||1782|1796||10.1002/eap.1767|||1|0.5|0|0|0|0|0|0|0|0|0|0|0|0|0|0|0|0|0|0|0|0|0|0|0|0|0|0|0|0|0|0|0|0|0|0|0|0|0|0|0|1
LC-MS/MS based profiling and dynamic modelling of the steroidogenesis pathway in adrenocarcinoma H295R cells|Ahmed, Kareem Eldin Mohammed; Froysa, Havard G.; Karlsen, Odd Andre; Sagen, Jorn V.; Mellgren, Gunnar; Verhaegen, Steven; Ropstad, Erik; Goksoyr, Anders; Kellmann, Ralf||||TOXICOLOGY IN VITRO|OCT 2018|2018|52|||||332|341||10.1016/j.tiv.2018.07.002|||1|0.5|0|0|0|0|0|0|0|0|0|0|0|0|0|0|0|0|0|0|0|0|0|0|0|0|0|0|0|0|0|0|0|0|0|0|0|0|0|0|0|1
Spatial separation of catches in highly mixed fisheries|Dolder, Paul J.; Thorson, James T.; Minto, Coilin||||SCIENTIFIC REPORTS|SEP 17 2018|2018|8|||||||13886|10.1038/s41598-018-31881-w|||1|0.5|0|0|0|0|0|0|0|0|0|0|0|0|0|0|0|0|0|0|0|0|0|0|0|0|0|0|0|0|0|0|0|0|0|0|0|0|0|0|0|1
Small area estimation of under-5 mortality in Bangladesh, Cameroon, Chad, Mozambique, Uganda, and Zambia using spatially misaligned data|Dwyer-Lindgren, Laura; Squires, Ellen R.; Teeple, Stephanie; Ikilezi, Gloria; Roberts, D. Allen; Colombara, Danny V.; Allen, Sarah Katherine; Kamande, Stanley M.; Graetz, Nicholas; Flaxman, Abraham D.; El Bcheraoui, Charbel; Asbjornsdottir, Kristjana; Asiimwe, Gilbert; Augusto, Angelo; Augusto, Orvalho; Chilundo, Baltazar; De Schacht, Caroline; Gimbel, Sarah; Kamya, Carol; Namugaya, Faith; Masiye, Felix; Mauieia, Cremildo; Miangotar, Yode; Mimche, Honore; Sabonete, Acacio; Sarma, Haribondhu; Sherr, Kenneth; Simuyemba, Moses; Sinyangwe, Aaron Chisha; Uddin, Jasim; Wagenaar, Bradley H.; Lim, Stephen S.||||POPULATION HEALTH METRICS|AUG 13 2018|2018|16|||||||13|10.1186/s12963-018-0171-7|||1|0.5|0|0|0|0|0|0|0|0|0|0|0|0|0|0|0|0|0|0|0|0|0|0|0|0|0|0|0|0|0|0|0|0|0|0|0|0|0|0|0|1
Fitting mechanistic epidemic models to data: A comparison of simple Markov chain Monte Carlo approaches|Li, Michael; Dushoff, Jonathan; Bolker, Benjamin M.||||STATISTICAL METHODS IN MEDICAL RESEARCH|JUL 2018|2018|27|7||||1956|1967||10.1177/0962280217747054|||1|0.5|0|0|0|0|0|0|0|0|0|0|0|0|0|0|0|0|0|0|0|0|0|0|0|0|0|0|0|0|0|0|0|0|0|0|0|0|0|0|1|0
Prioritizing monitoring and conservation efforts for fish spawning aggregations in the US Gulf of Mexico|Gruss, Arnaud; Biggs, Christopher; Heyman, William D.; Erisman, Brad||||SCIENTIFIC REPORTS|MAY 31 2018|2018|8|||||||8473|10.1038/s41598-018-26898-0|||1|0.5|0|0|0|0|0|0|0|0|0|0|0|0|0|0|0|0|0|0|0|0|0|0|0|0|0|0|0|0|0|0|0|0|0|0|0|0|0|0|1|0
Evaluating evidence for alternative natural mortality and process error assumptions using a state-space, age-structured assessment model|Miller, Timothy J.; Hyun, Saang-Yoon||||CANADIAN JOURNAL OF FISHERIES AND AQUATIC SCIENCES|MAY 2018|2018|75|5||||691|703||10.1139/cjfas-2017-0035|||1|0.5|0|0|0|0|0|0|0|0|0|0|0|0|0|0|0|0|0|0|0|0|0|0|0|0|0|0|0|0|0|0|0|0|0|0|0|0|0|0|1|0
Density regulation in Northeast Atlantic fish populations: Density dependence is stronger in recruitment than in somatic growth|Zimmermann, Fabian; Ricard, Daniel; Heino, Mikko||||JOURNAL OF ANIMAL ECOLOGY|MAY 2018|2018|87|3||||672|681||10.1111/1365-2656.12800|||1|0.5|0|0|0|0|0|0|0|0|0|0|0|0|0|0|0|0|0|0|0|0|0|0|0|0|0|0|0|0|0|0|0|0|0|0|0|0|0|0|1|0
Spatiotemporal dynamics of mesocarnivore populations|Xingan; Wang, Guiming||||WILDLIFE BIOLOGY|2018|2018||||||||wlb.00429|10.2981/wlb.00429|||1|0.5|0|0|0|0|0|0|0|0|0|0|0|0|0|0|0|0|0|0|0|0|0|0|0|0|0|0|0|0|0|0|0|0|0|0|0|0|0|0|0|1
Fast Automatic Differentiation for Large Scale Bundle Adjustment|Shen, Yan; Dai, Yuxing||||IEEE ACCESS|2018|2018|6|||||11146|11153||10.1109/ACCESS.2018.2812173|||1|0.5|0|0|0|0|0|0|0|0|0|0|0|0|0|0|0|0|0|0|0|0|0|0|0|0|0|0|0|0|0|0|0|0|0|0|0|0|0|0|1|0
A scalable and efficient covariate selection criterion for mixed effects regression models with unknown random effects structure|Craiu, Radu V.; Duchesne, Thierry||||COMPUTATIONAL STATISTICS & DATA ANALYSIS|JAN 2018|2018|117|||||154|161||10.1016/j.csda.2017.07.011|||1|0.5|0|0|0|0|0|0|0|0|0|0|0|0|0|0|0|0|0|0|0|0|0|0|0|0|0|0|0|0|0|0|0|0|0|0|0|0|0|0|0|1
Generalized survival models for correlated time-to-event data|Liu, Xing-Rong; Pawitan, Yudi; Clements, Mark S.||||STATISTICS IN MEDICINE|DEC 20 2017|2017|36|29||||4743|4762||10.1002/sim.7451|||1|0.33|0|0|0|0|0|0|0|0|0|0|0|0|0|0|0|0|0|0|0|0|0|0|0|0|0|0|0|0|0|0|0|0|0|0|0|0|0|0|1|0
Space oddity: The mission for spatial integration|Berger, Aaron M.; Goethel, Daniel R.; Lynch, Patrick D.; Quinn, Terrance, II; Mormede, Sophie; McKenzie, Jeremy; Dunn, Alistair||||CANADIAN JOURNAL OF FISHERIES AND AQUATIC SCIENCES|NOV 2017|2017|74|11|||SI|1698|1716||10.1139/cjfas-2017-0150|Conference on Gutshop - New Perspectives on the Feeding Ecology and Trophic Dynamics of Freshwater and Marine Fishes held at the 145th Annual Meeting of the American-Fisheries-Society|AUG, 2015|1|0.33|0|0|0|0|0|0|0|0|0|0|0|0|0|0|0|0|0|0|0|0|0|0|0|0|0|0|0|0|0|0|0|0|0|0|0|0|0|1|0|0
A general catch comparison method for multi-gear trials: application to a quad-rig trawling fishery for Nephrops|Browne, D.; Minto, C.; Cosgrove, R.; Burke, B.; McDonald, D.; Officer, R.; Keatinge, M.||||ICES JOURNAL OF MARINE SCIENCE|MAY-JUN 2017|2017|74|5||||1458|1468||10.1093/icesjms/fsw236|||1|0.33|0|0|0|0|0|0|0|0|0|0|0|0|0|0|0|0|0|0|0|0|0|0|0|0|0|0|0|0|0|0|0|0|0|0|0|0|0|0|0|1
Hierarchical model-based estimation of population growth curves for redfish (Sebastes mentella and Sebastes fasciatus) off the Eastern coast of Canada|Cadigan, Noel G.; Campana, Steven E.||||ICES JOURNAL OF MARINE SCIENCE|MAR-APR 2017|2017|74|3||||687|697||10.1093/icesjms/fsw195|||1|0.33|0|0|0|0|0|0|0|0|0|0|0|0|0|0|0|0|0|0|0|0|0|0|0|0|0|0|0|0|0|0|0|0|0|0|0|0|0|0|1|0
Abundance and species diversity hotspots of tracked marine predators across the North American Arctic|Yurkowski, David J.; Auger-Methe, Marie; Mallory, Mark L.; Wong, Sarah N. P.; Gilchrist, Grant; Derocher, Andrew E.; Richardson, Evan; Lunn, Nicholas J.; Hussey, Nigel E.; Marcoux, Marianne; Togunov, Ron R.; Fisk, Aaron T.; Harwood, Lois A.; Dietz, Rune; Rosing-Asvid, Aqqalu; Born, Erik W.; Mosbech, Anders; Fort, Jerome; Gremillet, David; Loseto, Lisa; Richard, Pierre R.; Iacozza, John; Jean-Gagnon, Frankie; Brown, Tanya M.; Westdal, Kristin H.; Orr, Jack; LeBlanc, Bernard; Hedges, Kevin J.; Treble, Margaret A.; Kessel, Steven T.; Blanchfield, Paul J.; Davis, Shanti; Maftei, Mark; Spencer, Nora; McFarlane-Tranquilla, Laura; Montevecchi, William A.; Bartzen, Blake; Dickson, Lynne; Anderson, Christine; Ferguson, Steven H.||||DIVERSITY AND DISTRIBUTIONS|MAR 2019|2019|25|3||||328|345||10.1111/ddi.12860|||0|0|0|0|0|0|0|0|0|0|0|0|0|0|0|0|0|0|0|0|0|0|0|0|0|0|0|0|0|0|0|0|0|0|0|0|0|0|0|0|0|0
Recruitment synchrony in spatially structured Newfoundland and Labrador populations of American plaice (Hippoglossoides platessoides)|Kumar, Rajeev; Cadigan, Noel G.; Morgan, M. Joanne||||FISHERIES RESEARCH|MAR 2019|2019|211|||||91|99||10.1016/j.fishres.2018.10.027|||0|0|0|0|0|0|0|0|0|0|0|0|0|0|0|0|0|0|0|0|0|0|0|0|0|0|0|0|0|0|0|0|0|0|0|0|0|0|0|0|0|0
A new semi-parametric method for autocorrelated age- and time-varying selectivity in age- structured assessment models|Xu, Haikun; Thorson, James T.; Methot, Richard D.; Taylor, Ian G.||||CANADIAN JOURNAL OF FISHERIES AND AQUATIC SCIENCES|FEB 2019|2019|76|2||||268|285||10.1139/cjfas-2017-0446|||0|0|0|0|0|0|0|0|0|0|0|0|0|0|0|0|0|0|0|0|0|0|0|0|0|0|0|0|0|0|0|0|0|0|0|0|0|0|0|0|0|0
Characterizing snow crab (Chionoecetes opilio) movements in the Sydney Bight (Nova Scotia, Canada): a collaborative approach using multiscale acoustic telemetry|Cote, David; Nicolas, Jean-Marc; Whoriskey, Frederick; Cook, Adam. M.; Broome, Jeremy; Regular, Paul M.; Baker, Darrin||||CANADIAN JOURNAL OF FISHERIES AND AQUATIC SCIENCES|FEB 2019|2019|76|2||||334|346||10.1139/cjfas-2017-0472|||0|0|0|0|0|0|0|0|0|0|0|0|0|0|0|0|0|0|0|0|0|0|0|0|0|0|0|0|0|0|0|0|0|0|0|0|0|0|0|0|0|0
A game of two halves: Bycatch reduction in Nephrops mixed fisheries|Cosgrove, Ronan; Browne, Daragh; Minto, Coilin; Tyndall, Peter; Oliver, Martin; Montgomerie, Mike; McHugh, Matthew||||FISHERIES RESEARCH|FEB 2019|2019|210|||||31|40||10.1016/j.fishres.2018.09.019|||0|0|0|0|0|0|0|0|0|0|0|0|0|0|0|0|0|0|0|0|0|0|0|0|0|0|0|0|0|0|0|0|0|0|0|0|0|0|0|0|0|0
Comments on incongruous formulations in the SAM (state-space assessment model) model and consequences for fish stock assessment|Aldrin, M.; Aanes, S.; Subbey, S.||||FISHERIES RESEARCH|FEB 2019|2019|210|||||224|227||10.1016/j.fishres.2018.08.001|||0|0|0|0|0|0|0|0|0|0|0|0|0|0|0|0|0|0|0|0|0|0|0|0|0|0|0|0|0|0|0|0|0|0|0|0|0|0|0|0|0|0
Supplementary stocking selects for domesticated genotypes|Hagen, Ingerid J.; Jensen, Arne J.; Bolstad, Geir H.; Diserud, Ola H.; Hindar, Kjetil; Lo, Havard; Karlsson, Sten||||NATURE COMMUNICATIONS|JAN 14 2019|2019|10|||||||199|10.1038/s41467-018-08021-z|||0|0|0|0|0|0|0|0|0|0|0|0|0|0|0|0|0|0|0|0|0|0|0|0|0|0|0|0|0|0|0|0|0|0|0|0|0|0|0|0|0|0
Machine learning for inferring animal behavior from location and movement data|Wang, Guiming||||ECOLOGICAL INFORMATICS|JAN 2019|2019|49|||||69|76||10.1016/j.ecoinf.2018.12.002|||0|0|0|0|0|0|0|0|0|0|0|0|0|0|0|0|0|0|0|0|0|0|0|0|0|0|0|0|0|0|0|0|0|0|0|0|0|0|0|0|0|0
Movement responses to environment: fast inference of variation among southern elephant seals with a mixed effects model|Jonsen, I. D.; McMahon, C. R.; Patterson, T. A.; Auger-Methe, M.; Harcourt, R.; Hindell, M. A.; Bestley, S.||||ECOLOGY|JAN 2019|2019|100|1||||||UNSP e02566|10.1002/ecy.2566|||0|0|0|0|0|0|0|0|0|0|0|0|0|0|0|0|0|0|0|0|0|0|0|0|0|0|0|0|0|0|0|0|0|0|0|0|0|0|0|0|0|0
Forecast skill for predicting distribution shifts: A retrospective experiment for marine fishes in the Eastern Bering Sea|Thorson, James T.||||FISH AND FISHERIES|JAN 2019|2019|20|1||||159|173||10.1111/faf.12330|||0|0|0|0|0|0|0|0|0|0|0|0|0|0|0|0|0|0|0|0|0|0|0|0|0|0|0|0|0|0|0|0|0|0|0|0|0|0|0|0|0|0
Methods for preferential sampling in geostatistics|Dinsdale, Daniel; Salibian-Barrera, Matias||||JOURNAL OF THE ROYAL STATISTICAL SOCIETY SERIES C-APPLIED STATISTICS|JAN 2019|2019|68|1||||181|198||10.1111/rssc.12286|||0|0|0|0|0|0|0|0|0|0|0|0|0|0|0|0|0|0|0|0|0|0|0|0|0|0|0|0|0|0|0|0|0|0|0|0|0|0|0|0|0|0
Inferring abundance trends of key species from a highly developed small-scale fishery off NE Atlantic|Alonso-Fernandez, Alexandre; Otero, Jaime; Banon, Rafael; Manuel Campelos, Jose; Quintero, Fernando; Ribo, Jorge; Filgueira, Francisco; Juncal, Luisa; Lamas, Fabio; Gancedo, Asuncion; Molares, Jose||||FISHERIES RESEARCH|JAN 2019|2019|209|||||101|116||10.1016/j.fishres.2018.09.011|||0|0|0|0|0|0|0|0|0|0|0|0|0|0|0|0|0|0|0|0|0|0|0|0|0|0|0|0|0|0|0|0|0|0|0|0|0|0|0|0|0|0
Monitoring programs of the US Gulf of Mexico: inventory, development and use of a large monitoring database to map fish and invertebrate spatial distributions|Gruss, Arnaud; Perryman, Holly A.; Babcock, Elizabeth A.; Sagarese, Skyler R.; Thorson, James T.; Ainsworth, Cameron H.; Anderson, Evan John; Brennan, Kenneth; Campbell, Matthew D.; Christman, Mary C.; Cross, Scott; Drexler, Michael D.; Drymon, J. Marcus; Gardner, Chris L.; Hanisko, David S.; Hendon, Jill; Koenig, Christopher C.; Love, Matthew; Martinez-Andrade, Fernando; Morris, Jack; Noble, Brandi T.; Nuttall, Matthew A.; Osborne, Jason; Pattengill-Semmens, Christy; Pollack, Adam G.; Sutton, Tracey T.; Switzer, Theodore S.||||REVIEWS IN FISH BIOLOGY AND FISHERIES|DEC 2018|2018|28|4||||667|691||10.1007/s11160-018-9525-2|||0|0|0|0|0|0|0|0|0|0|0|0|0|0|0|0|0|0|0|0|0|0|0|0|0|0|0|0|0|0|0|0|0|0|0|0|0|0|0|0|0|0
Bayesian spatio-temporal modelling of anchovy abundance through the SPDE Approach|Quiroz, Zaida C.; Prates, Marcos O.||||SPATIAL STATISTICS|DEC 2018|2018|28|||||236|256||10.1016/j.spasta.2018.08.005|4th International Conference on Spatial Statistics - One World - One Health|JUL 04-07, 2017|0|0|0|0|0|0|0|0|0|0|0|0|0|0|0|0|0|0|0|0|0|0|0|0|0|0|0|0|0|0|0|0|0|0|0|0|0|0|0|0|0|0
Temporal and environmental variation in growth and maturity and effects on management reference points of Georges Bank Atlantic cod|Miller, Timothy J.; O'Brien, Loretta; Fratantoni, Paula S.||||CANADIAN JOURNAL OF FISHERIES AND AQUATIC SCIENCES|DEC 2018|2018|75|12||||2159|2171||10.1139/cjfas-2017-0124|||0|0|0|0|0|0|0|0|0|0|0|0|0|0|0|0|0|0|0|0|0|0|0|0|0|0|0|0|0|0|0|0|0|0|0|0|0|0|0|0|0|0
An assessment of juvenile sand tiger (Carcharias taurus) activity patterns in a seasonal nursery using accelerometer transmitters|Kneebone, Jeff; Winton, Megan; Danylchuk, Andy; Chisholm, John; Skomal, Gregory B.||||ENVIRONMENTAL BIOLOGY OF FISHES|DEC 2018|2018|101|12||||1739|1756||10.1007/s10641-018-0821-4|||0|0|0|0|0|0|0|0|0|0|0|0|0|0|0|0|0|0|0|0|0|0|0|0|0|0|0|0|0|0|0|0|0|0|0|0|0|0|0|0|0|0
Using a spatio-temporal Bayesian approach to estimate the relative abundance index of yellow squat lobster (Cervimunida johni) off Chile|Cavieres, Joaquin; Nicolis, Orietta||||FISHERIES RESEARCH|DEC 2018|2018|208|||||97|104||10.1016/j.fishres.2018.07.002|||0|0|0|0|0|0|0|0|0|0|0|0|0|0|0|0|0|0|0|0|0|0|0|0|0|0|0|0|0|0|0|0|0|0|0|0|0|0|0|0|0|0
Comparison of the performance of age-structured models with few survey indices|Okamura, Hiroshi; Yamashita, Yuuho; Ichinokawa, Momoko; Nishijima, Shota||||ICES JOURNAL OF MARINE SCIENCE|NOV-DEC 2018|2018|75|6||||2016|2024||10.1093/icesjms/fsy126|||0|0|0|0|0|0|0|0|0|0|0|0|0|0|0|0|0|0|0|0|0|0|0|0|0|0|0|0|0|0|0|0|0|0|0|0|0|0|0|0|0|0
A spatial point process model to estimate individual centres of activity from passive acoustic telemetry data|Winton, Megan V.; Kneebone, Jeff; Zemeckis, Douglas R.; Fay, Gavin||||METHODS IN ECOLOGY AND EVOLUTION|NOV 2018|2018|9|11||||2262|2272||10.1111/2041-210X.13080|||0|0|0|0|0|0|0|0|0|0|0|0|0|0|0|0|0|0|0|0|0|0|0|0|0|0|0|0|0|0|0|0|0|0|0|0|0|0|0|0|0|0
When does smoothing the output of index-based stock assessments improve estimates of fish population biomass?|Perretti, Charles T.; Legault, Christopher M.||||FISHERIES RESEARCH|NOV 2018|2018|207|||||1|8||10.1016/j.fishres.2018.05.024|||0|0|0|0|0|0|0|0|0|0|0|0|0|0|0|0|0|0|0|0|0|0|0|0|0|0|0|0|0|0|0|0|0|0|0|0|0|0|0|0|0|0
Robustness of Eco-Epidemiological Capture-Recapture Parameter Estimates to Variation in Infection State Uncertainty|Benhaiem, Sarah; Marescot, Lucile; Hofer, Heribert; East, Marion L.; Lebreton, Jean-Dominique; Kramer-Schadt, Stephanie; Gimenez, Olivier||||FRONTIERS IN VETERINARY SCIENCE|AUG 28 2018|2018|5|||||||197|10.3389/fvets.2018.00197|||0|0|0|0|0|0|0|0|0|0|0|0|0|0|0|0|0|0|0|0|0|0|0|0|0|0|0|0|0|0|0|0|0|0|0|0|0|0|0|0|0|0
Local and population-level responses of Greater sage-grouse to oil and gas development and climatic variation in Wyoming|Ramey, Rob R., II; Thorley, Joseph L.; Ivey, Alexander S.||||PEERJ|AUG 14 2018|2018|6|||||||e5417|10.7717/peerj.5417|||0|0|0|0|0|0|0|0|0|0|0|0|0|0|0|0|0|0|0|0|0|0|0|0|0|0|0|0|0|0|0|0|0|0|0|0|0|0|0|0|0|0
Spline-based nonparametric inference in general state-switching models|Langrock, Roland; Adam, Timo; Leos-Barajas, Vianey; Mews, Sina; Miller, David L.; Papastamatiou, Yannis P.||||STATISTICA NEERLANDICA|AUG 2018|2018|72|3|||SI|179|200||10.1111/stan.12133|32nd International Workshop on Statistical Modelling (IWSM)|JUL, 2017|0|0|0|0|0|0|0|0|0|0|0|0|0|0|0|0|0|0|0|0|0|0|0|0|0|0|0|0|0|0|0|0|0|0|0|0|0|0|0|0|0|0
Modified Cholesky Riemann Manifold Hamiltonian Monte Carlo: exploiting sparsity for fast sampling of high-dimensional targets|Kleppe, Tore Selland||||STATISTICS AND COMPUTING|JUL 2018|2018|28|4||||795|817||10.1007/s11222-017-9763-5|||0|0|0|0|0|0|0|0|0|0|0|0|0|0|0|0|0|0|0|0|0|0|0|0|0|0|0|0|0|0|0|0|0|0|0|0|0|0|0|0|0|0
Landcover and geomorphology influence streamwater temperature sensitivity in salmon bearing watersheds in Southeast Alaska|Winfree, Michael M.; Hood, Eran; Stuefer, Svetlana L.; Schindler, Daniel E.; Cline, Timothy J.; Arp, Christopher D.; Pyare, Sanjay||||ENVIRONMENTAL RESEARCH LETTERS|JUN 2018|2018|13|6||||||64034|10.1088/1748-9326/aac4c0|||0|0|0|0|0|0|0|0|0|0|0|0|0|0|0|0|0|0|0|0|0|0|0|0|0|0|0|0|0|0|0|0|0|0|0|0|0|0|0|0|0|0
No-U-turn sampling for fast Bayesian inference in ADMB and TMB: Introducing the adnuts and tmbstan R packages|Monnahan, Cole C.; Kristensen, Kasper||||PLOS ONE|MAY 24 2018|2018|13|5||||||e0197954|10.1371/journal.pone.0197954|||0|0|0|0|0|0|0|0|0|0|0|0|0|0|0|0|0|0|0|0|0|0|0|0|0|0|0|0|0|0|0|0|0|0|0|0|0|0|0|0|0|0
Extracting a time-varying climate-driven growth index from otoliths for use in stock assessment models|Lee, Qi; Punt, Andre E.||||FISHERIES RESEARCH|APR 2018|2018|200|||||93|103||10.1016/j.fishres.2017.12.014|||0|0|0|0|0|0|0|0|0|0|0|0|0|0|0|0|0|0|0|0|0|0|0|0|0|0|0|0|0|0|0|0|0|0|0|0|0|0|0|0|0|0
Alcohol-impaired driving in US counties, 2002-2012|Sunshine, Jacob E.; Dwyer-Lindgren, Laura; Chen, Alan; Sharar, Sam R.; Palmisano, Erin B.; Bulger, Eileen M.; Mokdad, Ali H.||||POPULATION HEALTH METRICS|FEB 1 2018|2018|16|||||||2|10.1186/s12963-018-0158-4|||0|0|0|0|0|0|0|0|0|0|0|0|0|0|0|0|0|0|0|0|0|0|0|0|0|0|0|0|0|0|0|0|0|0|0|0|0|0|0|0|0|0
Data-moderate assessments of Cape monkfish Lophius vomerinus and west coast sole Austroglossus microlepis in Namibian waters|Kathena, J. N.; Kokkalis, A.; Pedersen, M. W.; Beyer, J. E.; Thygesen, U. H.||||AFRICAN JOURNAL OF MARINE SCIENCE|2018|2018|40|3||||293|302||10.2989/1814232X.2018.1512527|||0|0|0|0|0|0|0|0|0|0|0|0|0|0|0|0|0|0|0|0|0|0|0|0|0|0|0|0|0|0|0|0|0|0|0|0|0|0|0|0|0|0
Newton step methods for AD of an objective defined using implicit functions|Bell, Bradley M.; Kristensen, Kasper||||OPTIMIZATION METHODS & SOFTWARE|2018|2018|33|4-6|||SI|907|923||10.1080/10556788.2017.1406936|||0|0|0|0|0|0|0|0|0|0|0|0|0|0|0|0|0|0|0|0|0|0|0|0|0|0|0|0|0|0|0|0|0|0|0|0|0|0|0|0|0|0
Review of State-Space Models for Fisheries Science|Aeberhard, William H.; Flemming, Joanna Mills; Nielsen, Anders|||Reid, N|ANNUAL REVIEW OF STATISTICS AND ITS APPLICATION, VOL 5|2018|2018|5|||||215|235||10.1146/annurev-statistics-031017-100427|||0|0|0|0|0|0|0|0|0|0|0|0|0|0|0|0|0|0|0|0|0|0|0|0|0|0|0|0|0|0|0|0|0|0|0|0|0|0|0|0|0|0
Assessment of offshore shrimp stocks of Bangladesh based on commercial shrimp trawl logbook data|Barua, Suman; Magnusson, Arni; Humayun, Nasiruddin Md||||INDIAN JOURNAL OF FISHERIES|2018|2018|65|1||||1|6||10.21077/ijf.2018.65.1.61384-01|||0|0|0|0|0|0|0|0|0|0|0|0|0|0|0|0|0|0|0|0|0|0|0|0|0|0|0|0|0|0|0|0|0|0|0|0|0|0|0|0|0|0
Connecting single-stock assessment models through correlated survival|Albertsen, Christoffer Moesgaard; Nielsen, Anders; Thygesen, Uffe Hogsbro||||ICES JOURNAL OF MARINE SCIENCE|JAN-FEB 2018|2018|75|1||||235|244||10.1093/icesjms/fsx114|||0|0|0|0|0|0|0|0|0|0|0|0|0|0|0|0|0|0|0|0|0|0|0|0|0|0|0|0|0|0|0|0|0|0|0|0|0|0|0|0|0|0
Inference about regression parameters using highly stratified survey count data with over-dispersion and repeated measurements|Wang, S.; Cadigan, N. G.; Benoit, H. P.||||JOURNAL OF APPLIED STATISTICS|MAY 2017|2017|44|6||||1013|1030||10.1080/02664763.2016.1191622|||0|0|0|0|0|0|0|0|0|0|0|0|0|0|0|0|0|0|0|0|0|0|0|0|0|0|0|0|0|0|0|0|0|0|0|0|0|0|0|0|0|0
